Year,Title,IMDb Title,IMDb Year,Rating,Genre,Director,Release Date,Country,IMDb URL,Poster URL
1925,America,,,,,,,,,
1925,The Thief of Bagdad,The Thief of Bagdad,1924,7.7,"Adventure, Family, Fantasy, Romance",Raoul Walsh,11 Apr 1924 (Brazil),United States,https://www.imdb.com/title/tt0015400/,"https://m.media-amazon.com/images/M/MV5BZDg5YzZlZDgtMjdkNy00ZWFkLWE2ZmQtY2U4MDU2MWE2NGM2XkEyXkFqcGc@._V1_SY150_CR2,0,101,150_.jpg"
1925,Dorothy Vernon of Haddon Hall,Dorothy Vernon of Haddon Hall,1924,6.9,"Drama, History, Romance","Marshall Neilan, Mary Pickford",25 May 1924 (USA),United States,https://www.imdb.com/title/tt0014854/,"https://m.media-amazon.com/images/M/MV5BMTkxMjQ1NDcyNV5BMl5BanBnXkFtZTgwNzA5MDgwMjE@._V1_SY150_CR0,0,101,150_.jpg"
1925,Broken Laws,Broken Laws,1924,,Drama,Roy William Neill,09 Nov 1924 (USA),United States,https://www.imdb.com/title/tt0014747/,"https://m.media-amazon.com/images/M/MV5BY2I5ZGZlNzMtMzY0NC00YmU0LThkMmEtYmJmZDc0OWExZmU2XkEyXkFqcGc@._V1_SY150_CR44,0,101,150_.jpg"
1925,Judgement of the Storm,Orphans of the Storm,1921,7.3,"Drama, History, Romance",D.W. Griffith,1922 (Poland),United States,https://www.imdb.com/title/tt0012532/,"https://m.media-amazon.com/images/M/MV5BMDM1ZmM5NWUtYmNlNy00ODcyLWFmNDQtMWI0Y2NmOGI4YzQ2XkEyXkFqcGc@._V1_SX101_CR0,0,101,150_.jpg"
1925,That French Lady,That French Lady,1924,,"Drama, Romance",Edmund Mortimer,17 Aug 1924 (USA),United States,https://www.imdb.com/title/tt0015397/,"https://m.media-amazon.com/images/M/MV5BZmQxMmFiOGItNTAxMS00MTU2LThjMDgtYWY0ZTk1ZTU0NzZhXkEyXkFqcGc@._V1_SY150_CR1,0,101,150_.jpg"
1925,Isn't Life Wonderful,Isn't Life Wonderful,1924,6.8,"Drama, Romance",D.W. Griffith,05 Dec 1924 (USA),United States,https://www.imdb.com/title/tt0015018/,"https://m.media-amazon.com/images/M/MV5BN2QxZGU4NjYtMDlmNi00NWZhLThhZTMtZTE5ZmE4NTYyZmNkXkEyXkFqcGc@._V1_SY150_CR1,0,101,150_.jpg"
1925,The Cracker Jack,The Crackerjack,1925,6.2,Comedy,Charles Hines,May 1925 (USA),United States,https://www.imdb.com/title/tt0015714/,"https://m.media-amazon.com/images/M/MV5BMjMzOTA5Mzc1OV5BMl5BanBnXkFtZTgwMzg4NjUzMTE@._V1_SY150_CR6,0,101,150_.jpg"
1925,Miami,,,,,,,,,
1925,The Sawdust Trail,The Sawdust Trail,1924,,"Comedy, Western",Edward Sedgwick,10 Aug 1924 (USA),United States,https://www.imdb.com/title/tt0015305/,"https://m.media-amazon.com/images/M/MV5BNDkyNTlhNjctMmE5MS00MzNlLTljZTQtNTgzNDgxZDk1MDFkXkEyXkFqcGc@._V1_SX101_CR0,0,101,150_.jpg"
1925,Loves Whirlpool,Love's Whirlpool,1924,,"Crime, Drama",Bruce Mitchell,02 Mar 1924 (USA),United States,https://www.imdb.com/title/tt0015089/,"https://m.media-amazon.com/images/M/MV5BZjE5NzcxNGUtMjhlNS00Zjc0LTg5MzgtN2Y3Yzg0NmQwOWM4XkEyXkFqcGc@._V1_SY150_CR4,0,101,150_.jpg"
1925,The Hoosier Schoolmaster,The Hoosier Schoolmaster,1924,7.3,Drama,Oliver L. Sellers,14 Feb 1924 (USA),United States,https://www.imdb.com/title/tt0015001/,"https://m.media-amazon.com/images/M/MV5BNzMwM2NmNzktNDI4Ny00OGM4LTk4MTctYzNjNzdiNzFlOGNlXkEyXkFqcGc@._V1_SY150_CR3,0,101,150_.jpg"
1925,Hold Your Breath,Hold Your Breath,1924,7.0,Comedy,Scott Sidney,25 May 1924 (USA),United States,https://www.imdb.com/title/tt0014996/,"https://m.media-amazon.com/images/M/MV5BYTYwMzI0NWQtZThiMi00NGQ0LTk4MzgtN2FhYzlhNmVhY2IwXkEyXkFqcGc@._V1_SY150_CR6,0,101,150_.jpg"
1925,Richard the Lionhearted ,Richard the Lion-Hearted,1923,7.1,Drama,Chester Withey,15 Oct 1923 (USA),United States,https://www.imdb.com/title/tt0014408/,"https://m.media-amazon.com/images/M/MV5BYmU1NGEzMjYtODgxMy00NzdjLWIzZDgtODBmYTFlNWUyMDYyXkEyXkFqcGc@._V1_SX101_CR0,0,101,150_.jpg"
1925,Fools in the Dark,Fools in the Dark,1924,,"Comedy, Mystery, Romance, Thriller",Alfred Santell,04 Aug 1924 (USA),United States,https://www.imdb.com/title/tt0014920/,"https://m.media-amazon.com/images/M/MV5BMmM1MDczYWUtMTg3MS00MGQyLWEyNzYtNmQ1ODE2NjMyYjc0XkEyXkFqcGc@._V1_SY150_CR54,0,101,150_.jpg"
1925,The Brass Bowl,The Brass Bowl,1924,,Mystery,Jerome Storm,16 Nov 1924 (USA),United States,https://www.imdb.com/title/tt0014736/,"https://m.media-amazon.com/images/M/MV5BMjkxODhkNzMtNzFhNi00OWMyLThmMmUtZTQ5Y2NkYjcwMmE0XkEyXkFqcGc@._V1_SY150_CR47,0,101,150_.jpg"
1925,A Woman Who Sinned,A Woman Who Sinned,1924,,Drama,Finis Fox,07 Jul 1924 (USA),United States,https://www.imdb.com/title/tt0015506/,"https://m.media-amazon.com/images/M/MV5BZmE4NjJjOGQtYjFmYy00N2NmLTk0Y2MtMjA5YTU1NDY3NWZhXkEyXkFqcGc@._V1_SY150_CR45,0,101,150_.jpg"
1925,Waking Up the Town,Waking Up the Town,1925,6.2,Comedy,James Cruze,14 Apr 1925 (USA),United States,https://www.imdb.com/title/tt0016497/,"https://m.media-amazon.com/images/M/MV5BZjVhMjc0YWMtZDRjYy00NWMwLWJlMjItNjkwMWVlNGVhYmU0XkEyXkFqcGc@._V1_SY150_CR6,0,101,150_.jpg"
1925,A Girl of Limberlost,A Girl of the Limberlost,1924,,Drama,James Leo Meehan,28 Apr 1924 (USA),United States,https://www.imdb.com/title/tt0014947/,"https://m.media-amazon.com/images/M/MV5BYjMzZWIyZGYtZDc0Ny00MjZmLTgyY2UtNTIwMDA1ZmQzM2YyXkEyXkFqcGc@._V1_SY150_CR47,0,101,150_.jpg"
1925,Dr. Jack,Dr. Jack,1922,7.1,"Comedy, Romance","Fred C. Newmeyer, Sam Taylor",26 Nov 1922 (USA),United States,https://www.imdb.com/title/tt0013075/,"https://m.media-amazon.com/images/M/MV5BOTI3NzY3ODgtYzRlYy00YWE5LTlhZjEtMGQyZjg5MDIyNDJmXkEyXkFqcGc@._V1_SX101_CR0,0,101,150_.jpg"
1925,The White Shadows,White Shadows,1924,6.0,Drama,Graham Cutts,05 May 1924 (USA),United Kingdom,https://www.imdb.com/title/tt0015493/,"https://m.media-amazon.com/images/M/MV5BNTk2YTBjNDgtZDU1Ni00MjcwLTk1NjctN2VlZmVmOGQ2YzA0XkEyXkFqcGc@._V1_SY150_CR7,0,101,150_.jpg"
1925,Honor Among Men,Honor Among Men,1924,,"Drama, Romance",Denison Clift,08 Sep 1924 (USA),United States,https://www.imdb.com/title/tt0014998/,"https://m.media-amazon.com/images/M/MV5BMGJlMjQ1NzAtNWEzOS00MzIzLWExZWMtZTU2MWYyNDQ2ZGMzXkEyXkFqcGc@._V1_SY150_CR1,0,101,150_.jpg"
1925,The Dangerous Flirt,The Dangerous Flirt,1924,,"Drama, Romance",Tod Browning,19 Oct 1924 (USA),United States,https://www.imdb.com/title/tt0014824/,"https://m.media-amazon.com/images/M/MV5BOGJiNDQzNTktMjk1NS00OWMyLWE4OGEtMmVkYzlmMmJjNDY3XkEyXkFqcGc@._V1_SY150_CR47,0,101,150_.jpg"
1925,Lillies of the Street,,,,,,,,,
1925,The Spirit of the USA,The Spirit of the USA,1924,5.4,"Drama, War",Emory Johnson,18 May 1924 (USA),United States,https://www.imdb.com/title/tt0015357/,"https://m.media-amazon.com/images/M/MV5BMGU5ZDI0OTctYjUwYy00NWY4LTk0YjYtNzNhZGE0M2UyMGRlXkEyXkFqcGc@._V1_SY150_CR42,0,101,150_.jpg"
1925,"Strongheart in ""White Fang""",Error,Error,Error,Error,Error,Error,Error,Error,Error
1925,My Husband's Wives,My Husband's Wives,1924,,Drama,Maurice Elvey,16 Nov 1924 (USA),United States,https://www.imdb.com/title/tt0015154/,"https://m.media-amazon.com/images/M/MV5BMTljYzk1OTctNmMxYS00NTIzLTgzN2UtNzEwNWE5MGM3ZWE2XkEyXkFqcGc@._V1_SX101_CR0,0,101,150_.jpg"
1925,Another Scandal,Another Scandal,1924,,Drama,Edward H. Griffith,22 Jun 1924 (USA),United States,https://www.imdb.com/title/tt0014678/,"https://m.media-amazon.com/images/M/MV5BZWYyYWJkNzgtNTFkOC00NTEyLTg4Y2YtMzM0MTI0NGIwNzE3XkEyXkFqcGc@._V1_SY150_CR4,0,101,150_.jpg"
1925,Her Own Free Will,Her Own Free Will,1924,,Drama,Paul Scardon,20 Jul 1924 (USA),United States,https://www.imdb.com/title/tt0014983/,"https://m.media-amazon.com/images/M/MV5BZmJhZTg2Y2ItZTdmMS00MDViLTgzNGEtNDY3N2M0ZjVlZDA3XkEyXkFqcGc@._V1_SX101_CR0,0,101,150_.jpg"
1925,On the Stroke of Three,On the Stroke of Three,1924,,Drama,F. Harmon Weight,30 Nov 1924 (USA),United States,https://www.imdb.com/title/tt0015193/,"https://m.media-amazon.com/images/M/MV5BZjdlZWVlMzQtODE0NS00OGJlLWE2NWQtNWM4NjcxNWJhM2M1XkEyXkFqcGc@._V1_SY150_CR47,0,101,150_.jpg"
1925,Gambling Wives,Gambling Wives,1924,,Drama,Dell Henderson,10 Feb 1924 (USA),United States,https://www.imdb.com/title/tt0014936/,"https://m.media-amazon.com/images/M/MV5BNzkyODA2MTctYmM4Zi00ZDUzLTgyNGYtM2UwY2YxMDZmYjNmXkEyXkFqcGc@._V1_SY150_CR1,0,101,150_.jpg"
1925,Man and Wife,Man and Wife,1923,6.6,Drama,John L. McCutcheon,25 Mar 1923 (USA),United States,https://www.imdb.com/title/tt0014250/,"https://m.media-amazon.com/images/M/MV5BNTIwNTY4NTgtYTU3Mi00NTI4LWE4ZmEtMGViZjEzZGEwMDNhXkEyXkFqcGc@._V1_SY150_CR45,0,101,150_.jpg"
1925,The Kiss Barrier,The Kiss Barrier,1925,,"Drama, Romance, War",Roy William Neill,31 May 1925 (USA),United States,https://www.imdb.com/title/tt0015978/,
1925,I am the Man,I Am the Man,1924,,Drama,Ivan Abramson,15 Dec 1924 (USA),United States,https://www.imdb.com/title/tt0015007/,
1925,The Midnight Girl,The Midnight Girl,1925,5.7,Drama,Wilfred Noy,15 Feb 1925 (USA),United States,https://www.imdb.com/title/tt0016107/,"https://m.media-amazon.com/images/M/MV5BNDkxZDYzNzktMGY5ZC00NGI0LTgyYmMtYzdiNDMxNzFmMzViXkEyXkFqcGc@._V1_SX101_CR0,0,101,150_.jpg"
1925,Barbara Frietchie,Barbara Frietchie,1924,6.4,"Drama, War",Lambert Hillyer,26 Sep 1924 (USA),United States,https://www.imdb.com/title/tt0014696/,"https://m.media-amazon.com/images/M/MV5BNjVhYzNlMTAtZjk4Mi00NGM2LTg4NTgtYWExZGVjYjkzOGVlXkEyXkFqcGc@._V1_SY150_CR1,0,101,150_.jpg"
1925,The Thief of Bagdad,The Thief of Bagdad,1924,7.7,"Adventure, Family, Fantasy, Romance",Raoul Walsh,11 Apr 1924 (Brazil),United States,https://www.imdb.com/title/tt0015400/,"https://m.media-amazon.com/images/M/MV5BZDg5YzZlZDgtMjdkNy00ZWFkLWE2ZmQtY2U4MDU2MWE2NGM2XkEyXkFqcGc@._V1_SY150_CR2,0,101,150_.jpg"
1925,Headlines,Headlines,1925,4.1,"Adventure, Crime, Drama, Romance",Edward H. Griffith,16 Jul 1925 (USA),United States,https://www.imdb.com/title/tt0015901/,"https://m.media-amazon.com/images/M/MV5BZDgyZGM3N2EtNDE4NC00YjYyLWJlNWItNTQ1MmE2MjNkMGI3XkEyXkFqcGc@._V1_SY150_CR9,0,101,150_.jpg"
1925,Keep Smiling,Keep Smiling,1925,,Comedy,"Albert Austin, Gilbert Pratt",06 Sep 1925 (USA),United States,https://www.imdb.com/title/tt0015970/,"https://m.media-amazon.com/images/M/MV5BMjgwYzg0Y2MtZWNhMi00YTllLTg2MzctYzc3MDFmNzJkNWJhXkEyXkFqcGc@._V1_SY150_CR6,0,101,150_.jpg"
1925,The Coming of Amos,The Coming of Amos,1925,6.8,"Drama, Romance",Paul Sloane,06 Sep 1925 (USA),United States,https://www.imdb.com/title/tt0015700/,"https://m.media-amazon.com/images/M/MV5BMjgwZTgzZTgtYjkyYy00ZGYwLTkwNzAtZDhjY2Q3ZjIyNDdiXkEyXkFqcGc@._V1_SY150_CR4,0,101,150_.jpg"
1925,Seven Days,,,,,,,,,
1925,Drusilla with a Million,Drusilla with a Million,1925,,Drama,F. Harmon Weight,18 Jun 1925 (USA),United States,https://www.imdb.com/title/tt0015767/,"https://m.media-amazon.com/images/M/MV5BMmE3NGYzMjgtNDEwYy00MmE3LWE0NWItOTQ3M2E0NzFiYzAyXkEyXkFqcGc@._V1_SY150_CR21,0,101,150_.jpg"
1925,Hell's Highroad,Hell's Highroad,1925,,Drama,Rupert Julian,18 Oct 1925 (USA),United States,https://www.imdb.com/title/tt0015905/,"https://m.media-amazon.com/images/M/MV5BNmZkNTVkNDEtZDlmMy00ZjUxLWFlNWYtYzVkYzI4OWI2ZTMyXkEyXkFqcGc@._V1_SY150_CR8,0,101,150_.jpg"
1925,The Keeper of the Bees,The Keeper of the Bees,1925,7.0,Drama,James Leo Meehan,18 Oct 1925 (USA),United States,https://www.imdb.com/title/tt0015972/,"https://m.media-amazon.com/images/M/MV5BN2Y2YWVkOTMtZTc1Ny00NDI0LThmZDctNzg1ZTUwN2E2ZmY2XkEyXkFqcGc@._V1_SY150_CR41,0,101,150_.jpg"
1925,His Buddy's Wife,His Buddy's Wife,1925,,Drama,Tom Terriss,04 Oct 1925 (USA),United States,https://www.imdb.com/title/tt0015914/,"https://m.media-amazon.com/images/M/MV5BMzY2N2RlMDktNTYxMy00ZjcxLTkzNzktMjJhNjAwYWJkOWU2XkEyXkFqcGc@._V1_SY150_CR59,0,101,150_.jpg"
1925,The Mask of Zorro,,,,,,,,,
1925,Madame Behave,Madame Behave,1925,6.4,"Comedy, Romance",Scott Sidney,06 Dec 1925 (USA),United States,https://www.imdb.com/title/tt0016064/,"https://m.media-amazon.com/images/M/MV5BNWFhNjY4YzItYTZlMy00MWEwLTg1NWYtNzgzNmI2ZjA4NmUyXkEyXkFqcGc@._V1_SY150_CR48,0,101,150_.jpg"
1925,Midnight Molly,Midnight Molly,1925,,Drama,Lloyd Ingraham,11 Jan 1925 (USA),United States,https://www.imdb.com/title/tt0016108/,"https://m.media-amazon.com/images/M/MV5BMWI2MWY5MmQtZTY2NS00M2M2LWJlNmEtYjAxYmJjNzQ5YzYxXkEyXkFqcGc@._V1_SY150_CR45,0,101,150_.jpg"
1925,Charley's Aunt,Charley's Aunt,1925,6.5,Comedy,Scott Sidney,30 Apr 1925 (Finland),United States,https://www.imdb.com/title/tt0005076/,"https://m.media-amazon.com/images/M/MV5BZDE0ZDg0MWItYjYzZC00MzAyLTkzNTYtYzM1MWMyOTZjN2M3XkEyXkFqcGc@._V1_SX101_CR0,0,101,150_.jpg"
1925,The Wedding Song,The Wedding Song,1925,,"Drama, Crime",Alan Hale,29 Nov 1925 (USA),United States,https://www.imdb.com/title/tt0016509/,"https://m.media-amazon.com/images/M/MV5BODBiZWViZjgtMTg3ZS00NjAxLTlkZTUtYmQwZTlhNzEzMTAzXkEyXkFqcGc@._V1_SY150_CR0,0,101,150_.jpg"
1925,The Mollycoddle,The Mollycoddle,1920,6.5,"Adventure, Comedy, Romance",Victor Fleming,13 Jun 1920 (USA),United States,https://www.imdb.com/title/tt0011474/,"https://m.media-amazon.com/images/M/MV5BZWUxMjRlMTMtYmE5Ny00NDg4LTkxNzMtNDU3NzBmOWJlY2M4XkEyXkFqcGc@._V1_SY150_CR0,0,101,150_.jpg"
1925,Scandal Proof,Scandal Proof,1925,,Drama,Edmund Mortimer,24 May 1925 (USA),United States,https://www.imdb.com/title/tt0016315/,"https://m.media-amazon.com/images/M/MV5BN2M1NmY3NjItMGQzZS00ODU1LWI3NDUtNjFmMWE1NDAyOGY0XkEyXkFqcGc@._V1_SY150_CR47,0,101,150_.jpg"
1925,The Freshman,The Freshman,1925,7.5,"Comedy, Family, Romance, Sport","Fred C. Newmeyer, Sam Taylor",20 Sep 1925 (USA),United States,https://www.imdb.com/title/tt0015841/,"https://m.media-amazon.com/images/M/MV5BMGI5NWY1YTgtMGYzNS00NGE0LThiM2UtZmU5NGI2NjBmMDRiXkEyXkFqcGc@._V1_SX101_CR0,0,101,150_.jpg"
1925,SIlk Stalking Sal,Silk Stocking Sal,1924,,Drama,Tod Browning,30 Nov 1924 (USA),United States,https://www.imdb.com/title/tt0016353/,"https://m.media-amazon.com/images/M/MV5BYWUyMjQ3ZGQtNjM4Ni00YWZkLTlhOWMtMzM5NWNiNDllMjU0XkEyXkFqcGc@._V1_SY150_CR5,0,101,150_.jpg"
1925,Robin Hood,Robin Hood,1922,7.0,"Adventure, Family, Romance",Allan Dwan,18 Oct 1922 (USA),United States,https://www.imdb.com/title/tt0013556/,"https://m.media-amazon.com/images/M/MV5BMDhhYzc2MjAtZmY2ZC00ZGQ1LTg0MDMtZDhiODM5YTJiMzMwXkEyXkFqcGc@._V1_SY150_CR4,0,101,150_.jpg"
1925,Why Worry?,Why Worry?,1923,7.3,"Adventure, Comedy, Family, Romance","Fred C. Newmeyer, Sam Taylor",09 Sep 1923 (USA),United States,https://www.imdb.com/title/tt0014611/,"https://m.media-amazon.com/images/M/MV5BOTk0MGU2YmMtMzU4MS00ODYzLWJhNmYtZWI0MjA0NmFjOGYyXkEyXkFqcGc@._V1_SX101_CR0,0,101,150_.jpg"
1925,Orphans of the Storm,Orphans of the Storm,1921,7.3,"Drama, History, Romance",D.W. Griffith,1922 (Poland),United States,https://www.imdb.com/title/tt0012532/,"https://m.media-amazon.com/images/M/MV5BMDM1ZmM5NWUtYmNlNy00ODcyLWFmNDQtMWI0Y2NmOGI4YzQ2XkEyXkFqcGc@._V1_SX101_CR0,0,101,150_.jpg"
1926,Wild Justice,Wild Justice,1925,1.0,Adventure,Chester M. Franklin,06 Jul 1925 (USA),United States,https://www.imdb.com/title/tt0016535/,"https://m.media-amazon.com/images/M/MV5BYjNhOGQwYWQtY2UxMS00MzRjLTlmNmItYTEzZWYwNmFjZjdiXkEyXkFqcGc@._V1_SY150_CR1,0,101,150_.jpg"
1926,Three Faces East,Three Faces East,1926,,Drama,Rupert Julian,03 Feb 1926 (USA),United States,https://www.imdb.com/title/tt0017464/,"https://m.media-amazon.com/images/M/MV5BZTU4NTg0MGItMmU0MC00ZDBmLTllM2MtOTcwZWE4ZGE3MzRkXkEyXkFqcGc@._V1_SY150_CR2,0,101,150_.jpg"
1926,Friendly Enemies,Friendly Enemies,1925,,Comedy,George Melford,16 Mar 1925 (USA),United States,https://www.imdb.com/title/tt0015843/,"https://m.media-amazon.com/images/M/MV5BY2I3YWFhMWYtYWQwMS00NGNlLWEwNjAtNWIxNTk4NDljYmEwXkEyXkFqcGc@._V1_SY150_CR7,0,101,150_.jpg"
1926,Braveheart,Braveheart,1925,7.8,Western,Alan Hale,27 Dec 1925 (USA),United States,https://www.imdb.com/title/tt0015643/,"https://m.media-amazon.com/images/M/MV5BZTg1ZDU2N2UtNGE3Zi00MjU3LTg2ZGItNzllZGFiMDQwZTA1XkEyXkFqcGc@._V1_SX101_CR0,0,101,150_.jpg"
1926,Steel Preferred,Steel Preferred,1925,,Drama,James P. Hogan,03 Jan 1926 (USA),United States,https://www.imdb.com/title/tt0017428/,"https://m.media-amazon.com/images/M/MV5BOTQ0ZTY4MzMtMzJiZi00N2FmLTg2MTctMTA4OWRkMDhhNDAzXkEyXkFqcGc@._V1_SY150_CR45,0,101,150_.jpg"
1926,The Road to Yesterday,The Road to Yesterday,1925,6.3,"Drama, Fantasy, Romance",Cecil B. DeMille,15 Nov 1925 (USA),United States,https://www.imdb.com/title/tt0016294/,"https://m.media-amazon.com/images/M/MV5BYTdhYTM3ZGUtYjNlMS00YWZlLWI0NzQtZGI0ZTMxYTQxYTMyXkEyXkFqcGc@._V1_SX101_CR0,0,101,150_.jpg"
1926,Rocking Moon,Rocking Moon,1926,,Drama,George Melford,10 Jan 1926 (USA),United States,https://www.imdb.com/title/tt0017331/,"https://m.media-amazon.com/images/M/MV5BMDE4M2YxNDYtNDA0OC00NzJkLWE2MTgtZWYxNmRiMzA3NTUxXkEyXkFqcGc@._V1_SX101_CR0,0,101,150_.jpg"
1926,People Versus Nancy Preston,The People vs. Nancy Preston,1925,,Drama,Tom Forman,01 Nov 1925 (USA),United States,https://www.imdb.com/title/tt0016209/,"https://m.media-amazon.com/images/M/MV5BZGFjYzhjNjMtNDgzMy00OWVmLWE3ZjAtOGMyY2Y5MWRmNGE1XkEyXkFqcGc@._V1_SX101_CR0,0,101,150_.jpg"
1926,Made for Love,Made for Love,1926,6.6,"Drama, Romance",Paul Sloane,Jan 1926 (USA),United States,https://www.imdb.com/title/tt0017100/,"https://m.media-amazon.com/images/M/MV5BMDMzOTFmYTAtNjJmMi00NmUyLTg2N2UtZDI3MGRhY2FlMDZlXkEyXkFqcGc@._V1_SY150_CR2,0,101,150_.jpg"
1926,A Reckless Romance,Reckless Romance,1924,,Comedy,Scott Sidney,09 Nov 1924 (USA),United States,https://www.imdb.com/title/tt0015265/,"https://m.media-amazon.com/images/M/MV5BZTdiNDc3YTMtY2Q2My00NzY5LWIzNGUtZTkwNzU3M2ZjMDNhXkEyXkFqcGc@._V1_SY150_CR3,0,101,150_.jpg"
1926,Capital City All-Star Ministrels,,,,,,,,,
1926,Welcome Stranger,Welcome Stranger,1924,,"Comedy, Drama",James Young,24 Aug 1924 (USA),United States,https://www.imdb.com/title/tt0015476/,"https://m.media-amazon.com/images/M/MV5BZDkwMGIxZDYtNTkxYy00ZmJhLWIzNjAtNThhNmM3ZjA5M2U2XkEyXkFqcGc@._V1_SX101_CR0,0,101,150_.jpg"
1926,Beauty and the Bad Man,Beauty and the Bad Man,1925,,Western,William Worthington,29 Mar 1925 (USA),United States,https://www.imdb.com/title/tt0015609/,"https://m.media-amazon.com/images/M/MV5BNDM0NTQ5MDgtOTMyMS00NTRjLWIzOTAtYTRhYTc5OTc4NGZlXkEyXkFqcGc@._V1_SY150_CR48,0,101,150_.jpg"
1926,Her Own Free Will,Her Own Free Will,1924,,Drama,Paul Scardon,20 Jul 1924 (USA),United States,https://www.imdb.com/title/tt0014983/,"https://m.media-amazon.com/images/M/MV5BZmJhZTg2Y2ItZTdmMS00MDViLTgzNGEtNDY3N2M0ZjVlZDA3XkEyXkFqcGc@._V1_SX101_CR0,0,101,150_.jpg"
1926,The Midnight Flyer,The Midnight Flyer,1918,,"Short, Action, Drama",George Marshall,29 Jun 1918 (USA),United States,https://www.imdb.com/title/tt0222193/,
1926,Off the Highway,Off the Highway,1925,,Drama,Tom Forman,15 Aug 1925 (USA),United States,https://www.imdb.com/title/tt0016171/,"https://m.media-amazon.com/images/M/MV5BMDNmZmVmMjQtYTRhYy00YTljLWI1NTctOGE5ZTIwNWMxZjY1XkEyXkFqcGc@._V1_SY150_CR46,0,101,150_.jpg"
1926,A Broadway Lady,Broadway Lady,1925,,Drama,Wesley Ruggles,15 Nov 1925 (USA),United States,https://www.imdb.com/title/tt0015647/,"https://m.media-amazon.com/images/M/MV5BNWY5Njg1YzUtNWEyNS00MDcwLTljZjYtZjFhMzJmMGVjNGE1XkEyXkFqcGc@._V1_SY150_CR45,0,101,150_.jpg"
1926,Peabody Dramatic Club Rental,,,,,,,,,
1926,Safety Last,Safety Last!,1923,8.1,"Action, Comedy, Thriller","Fred C. Newmeyer, Sam Taylor",01 Apr 1923 (USA),United States,https://www.imdb.com/title/tt0014429/,"https://m.media-amazon.com/images/M/MV5BNjc2NjNkYzgtNzQwMi00YWI4LTkzNGMtYzJlMWQxNjAzNGQ4XkEyXkFqcGc@._V1_SY150_CR0,0,101,150_.jpg"
1926,The Last Edition,The Last Edition,1925,6.3,"Action, Crime, Drama, Romance",Emory Johnson,08 Nov 1925 (USA),United States,https://www.imdb.com/title/tt0016008/,"https://m.media-amazon.com/images/M/MV5BNzNkZmFhMWMtM2QxZC00ZjhlLWIxNWMtZTZiMGM4MzBiYzNkXkEyXkFqcGc@._V1_SY150_CR43,0,101,150_.jpg"
1926,Girl of Gold,The Girl of Gold,1925,6.7,"Drama, Romance",John Ince,16 Feb 1925 (USA),United States,https://www.imdb.com/title/tt0133802/,"https://m.media-amazon.com/images/M/MV5BMDRmNDY2NWItMWI3ZS00YjlmLWEwMWItNDBiMjMxZjlhMTM4XkEyXkFqcGc@._V1_SY150_CR3,0,101,150_.jpg"
1926,Beau Brummel,Beau Brummel,1924,6.6,"Drama, History, Romance",Harry Beaumont,30 Mar 1924 (USA),United States,https://www.imdb.com/title/tt0014702/,"https://m.media-amazon.com/images/M/MV5BN2QzMzg0OWYtOTIxZC00YmNjLWI3NTItNTg2ZTI5OTVmZDk5XkEyXkFqcGc@._V1_SX101_CR0,0,101,150_.jpg"
1926,The Siren of Seville,The Siren of Seville,1924,,"Drama, Romance","Jerome Storm, Hunt Stromberg",17 Aug 1924 (USA),United States,https://www.imdb.com/title/tt0015337/,"https://m.media-amazon.com/images/M/MV5BODM0NTUwNDIwMl5BMl5BanBnXkFtZTgwNzY0NTk5MzE@._V1_SY150_CR6,0,101,150_.jpg"
1926,On the Threshold,On the Threshold,1910,,"Short, Drama",,02 Jul 1910 (USA),France,https://www.imdb.com/title/tt4829858/,
1926,Let Women Alone,Let Women Alone,1925,,"Comedy, Drama",Paul Powell,04 Jan 1925 (USA),United States,https://www.imdb.com/title/tt0016016/,"https://m.media-amazon.com/images/M/MV5BMmFiNjI5NDktY2Q0YS00Y2E0LWIyZDMtMzgzNjY1MTNjY2IzXkEyXkFqcGc@._V1_SY150_CR0,0,101,150_.jpg"
1926,Another Man's Wife,Another Man's Wife,1924,,Drama,Bruce Mitchell,07 Sep 1924 (USA),United States,https://www.imdb.com/title/tt0014677/,"https://m.media-amazon.com/images/M/MV5BY2QwYWRiNWEtZjQzNS00YmFjLTg2OGUtY2Y0M2UwZjNjZGNkXkEyXkFqcGc@._V1_SY150_CR38,0,101,150_.jpg"
1926,The Mirage,The Mirage,1924,,Comedy,George Archainbaud,28 Dec 1924 (USA),United States,https://www.imdb.com/title/tt0015142/,"https://m.media-amazon.com/images/M/MV5BZmM2MzdhMjUtODY1ZC00MzgzLWEwZjEtNGUxYWIwMWZkMDY3XkEyXkFqcGc@._V1_SY150_CR47,0,101,150_.jpg"
1926,The Three Muskateers,The Three Musketeers,1921,6.9,"Action, Adventure, Family, Romance",Fred Niblo,28 Aug 1921 (USA),United States,https://www.imdb.com/title/tt0012752/,"https://m.media-amazon.com/images/M/MV5BMGJkNzcxNDEtNzVlOC00YTNmLWJhZDQtNmQ0OWUwZTY2M2EzXkEyXkFqcGc@._V1_SY150_CR1,0,101,150_.jpg"
1926,If Marriage Fails,If Marriage Fails,1925,,Drama,John Ince,04 Aug 1925 (USA),United States,https://www.imdb.com/title/tt0015940/,"https://m.media-amazon.com/images/M/MV5BODVjYjNiNTctZmRiYi00NTBiLWFjOTMtNjMzOWQ5ODJiNjNhXkEyXkFqcGc@._V1_SY150_CR45,0,101,150_.jpg"
1926,Queen o' Diamonds,Queen o' Diamonds,1926,,Drama,Chester Withey,24 Jan 1926 (USA),United States,https://www.imdb.com/title/tt0017301/,
1926,Daddies,Daddies,1924,5.9,Comedy,William A. Seiter,09 Feb 1924 (USA),United States,https://www.imdb.com/title/tt0014817/,"https://m.media-amazon.com/images/M/MV5BOGVlNTZmNTgtZGMyNC00OWM0LTlhOGUtNDNlNjE1MDc3OWYyXkEyXkFqcGc@._V1_SY150_CR47,0,101,150_.jpg"
1926,Stop Flirting,Stop Flirting,1925,,Comedy,Scott Sidney,30 Mar 1925 (USA),United States,https://www.imdb.com/title/tt0016398/,"https://m.media-amazon.com/images/M/MV5BN2RmZTRhNzktMWNlMS00MDg4LWE4ZDctODNhNmU0ZTU1NWE1XkEyXkFqcGc@._V1_SX101_CR0,0,101,150_.jpg"
1926,"St. Bernard Academy present ""The End of the Rainbow""",,,,,,,,,
1926,Find your Man,Find Your Man,1924,5.0,"Action, Drama, Family",Malcolm St. Clair,01 Sep 1924 (USA),United States,https://www.imdb.com/title/tt0014901/,"https://m.media-amazon.com/images/M/MV5BYzg3YjFkYmMtYTlkYi00Y2QxLThiZWQtYzJiZTk4NTgwYWVhXkEyXkFqcGc@._V1_SX101_CR0,0,101,150_.jpg"
1926,When Love Grows Cold,When Love Grows Cold,1926,,Drama,Harry O. Hoyt,31 Jan 1926 (USA),United States,https://www.imdb.com/title/tt0016516/,"https://m.media-amazon.com/images/M/MV5BNTY5OGM2OTAtNDg2OC00YmI3LWFmNTAtNWY5NGRjMmMyMWZiXkEyXkFqcGc@._V1_SY150_CR0,0,101,150_.jpg"
1926,The Crimson Runner,The Crimson Runner,1925,,Drama,Tom Forman,02 Mar 1925 (USA),United States,https://www.imdb.com/title/tt0015715/,"https://m.media-amazon.com/images/M/MV5BODJmNTFjMWQtNzZjYi00ZTcxLTljYzAtYTY5YmFkMjhmOTYwXkEyXkFqcGc@._V1_SY150_CR30,0,101,150_.jpg"
1926,The Nut,The Nut,1921,6.5,"Action, Comedy, Romance",Theodore Reed,06 Mar 1921 (USA),United States,https://www.imdb.com/title/tt0012513/,"https://m.media-amazon.com/images/M/MV5BZDRkMWQyZWEtYzJkMy00MmRiLTg2NjEtZDI3ZGViMzQ2ZTVhXkEyXkFqcGc@._V1_SX101_CR0,0,101,150_.jpg"
1926,The Crimson Runner,The Crimson Runner,1925,,Drama,Tom Forman,02 Mar 1925 (USA),United States,https://www.imdb.com/title/tt0015715/,"https://m.media-amazon.com/images/M/MV5BODJmNTFjMWQtNzZjYi00ZTcxLTljYzAtYTY5YmFkMjhmOTYwXkEyXkFqcGc@._V1_SY150_CR30,0,101,150_.jpg"
1926,Trouping with Ellen,Trouping with Ellen,1924,,"Comedy, Romance",T. Hayes Hunter,05 Oct 1924 (USA),United States,https://www.imdb.com/title/tt0015436/,"https://m.media-amazon.com/images/M/MV5BZWNhZjk4ZDItMzBkMS00YTUxLTk3MDMtMjNmNTZhYTZjYzZjXkEyXkFqcGc@._V1_SY150_CR65,0,101,150_.jpg"
1926,Girl Shy,Girl Shy,1924,7.7,"Comedy, Romance","Fred C. Newmeyer, Sam Taylor",20 Apr 1924 (USA),United States,https://www.imdb.com/title/tt0014945/,"https://m.media-amazon.com/images/M/MV5BMjFkY2ZkODEtZmU1Mi00ZTVlLWFmNTktZWM5ZDI2YzM2OWE0XkEyXkFqcGc@._V1_SX101_CR0,0,101,150_.jpg"
1926,Vaudeville Acts,Behind the Lines,1926,6.1,"Short, Music",,,United States,https://www.imdb.com/title/tt1144474/,"https://m.media-amazon.com/images/M/MV5BMzQxNTZhNmItMWQ0Yy00NzlkLThiNWEtNGE4Y2Q0N2RlODBhXkEyXkFqcGc@._V1_SY150_CR83,0,101,150_.jpg"
1926,Lighthouse by the Sea,The Lighthouse by the Sea,1924,6.4,"Family, Drama",Malcolm St. Clair,01 Dec 1924 (USA),United States,https://www.imdb.com/title/tt0015068/,"https://m.media-amazon.com/images/M/MV5BMTg2OWYzZjctYWNkYS00OTM4LTlhNzQtMTA1YmViZmYzN2JkXkEyXkFqcGc@._V1_SY150_CR6,0,101,150_.jpg"
1926,"Musical Revue featuring Lucile O'Dea ""The Irish Nightingale""",,,,,,,,,
1926,Flaming Waters,Flaming Waters,1925,6.8,"Action, Drama",F. Harmon Weight,13 Dec 1925 (USA),United States,https://www.imdb.com/title/tt0132960/,"https://m.media-amazon.com/images/M/MV5BMDgxOTIzN2EtMzZjOC00NTU0LWIzZTAtNGViY2NmMTI1YTU2XkEyXkFqcGc@._V1_SY150_CR1,0,101,150_.jpg"
1926,The Galilean (Der Galiläer),,,,,,,,,
1926,The Galilean (Der Galiläer),,,,,,,,,
1926,Wallace Minstrels - Live Variety Act,,,,,,,,,
1926,The Isle of Retribution,The Isle of Retribution,1926,2.2,"Action, Adventure, Drama, Romance",James P. Hogan,25 Apr 1926 (USA),United States,https://www.imdb.com/title/tt0017001/,"https://m.media-amazon.com/images/M/MV5BMDRhOWExNTQtYjUwMS00ZDRjLTg3NDctMTRjNWEwOTVmZDYwXkEyXkFqcGc@._V1_SX101_CR0,0,101,150_.jpg"
1926,Concert (Dance Recital),,,,,,,,,
1926,The Early Bird,The Early Bird,1925,5.8,Comedy,Charles Hines,01 Jan 1925 (USA),United States,https://www.imdb.com/title/tt0015773/,"https://m.media-amazon.com/images/M/MV5BMmNiNmVlYmYtNzQ4ZC00ZDNmLWE3YmItNjQwZTZiNTdlYzM0XkEyXkFqcGc@._V1_SX101_CR0,0,101,150_.jpg"
1926,When the Clouds Roll By,When the Clouds Roll by,1919,6.9,"Action, Comedy, Romance",Victor Fleming,28 Dec 1919 (USA),United States,https://www.imdb.com/title/tt0010879/,"https://m.media-amazon.com/images/M/MV5BNDBiY2M4MDAtNjBkNy00NzIzLThjNzgtOWQwNTkzZjk3ZGQyXkEyXkFqcGc@._V1_SX101_CR0,0,101,150_.jpg"
1926,The King of the Turf,The King of the Turf,1926,,Drama,James P. Hogan,28 Feb 1926 (USA),United States,https://www.imdb.com/title/tt0017031/,"https://m.media-amazon.com/images/M/MV5BNmJhZTg1YWQtODVjOS00ZTk0LTg2MGQtMTEzYjUzYjhhYjJmXkEyXkFqcGc@._V1_SY150_CR0,0,101,150_.jpg"
1926,How Baxter Butted In,How Baxter Butted In,1925,,Comedy,William Beaudine,25 Jul 1925 (USA),United States,https://www.imdb.com/title/tt0015931/,"https://m.media-amazon.com/images/M/MV5BNjEwMDcwNGQtZTFmNi00ODIwLThjMjYtMjczZGJkNDhmNTg2XkEyXkFqcGc@._V1_SX101_CR0,0,101,150_.jpg"
1926,Tracked in the Snow Country,Tracked in the Snow Country,1925,,"Drama, Family",Herman C. Raymaker,13 Jul 1925 (USA),United States,https://www.imdb.com/title/tt0016447/,"https://m.media-amazon.com/images/M/MV5BOGQyNmI0YzYtNmFmMC00MjhlLTllZjAtYWFmMjU4ZGVkODI3XkEyXkFqcGc@._V1_SY150_CR46,0,101,150_.jpg"
1926,The Freshmen,,,,,,,,,
1926,The Age of Innocence,The Age of Innocence,1924,6.7,Drama,Wesley Ruggles,10 Nov 1924 (USA),United States,https://www.imdb.com/title/tt0014651/,"https://m.media-amazon.com/images/M/MV5BZTUzOGM5YzItZWJlNS00ZTViLTg1N2ItZWUxODMwYmQ5NTI2XkEyXkFqcGc@._V1_SY150_CR47,0,101,150_.jpg"
1926,Hands Across the Border,Hands Across the Border,1926,3.0,"Action, Adventure, Romance, Western",David Kirkland,01 May 1926 (USA),United States,https://www.imdb.com/title/tt0016946/,"https://m.media-amazon.com/images/M/MV5BM2EyYWMwYTYtNTMxNy00ZmRlLTlhMDktMGI3MWY1MDdjYjZmXkEyXkFqcGc@._V1_SY150_CR0,0,101,150_.jpg"
1926,Way Down East,Way Down East,1920,7.3,"Drama, Romance",D.W. Griffith,03 Sep 1920 (USA),United States,https://www.imdb.com/title/tt0011841/,"https://m.media-amazon.com/images/M/MV5BMjI5OTI3NTQ4NV5BMl5BanBnXkFtZTgwNDY3NTAwMjE@._V1_SY150_CR1,0,101,150_.jpg"
1926,My Wife and I,My Wife and I,1925,,"Drama, Romance",Millard Webb,16 May 1925 (USA),United States,https://www.imdb.com/title/tt0016138/,"https://m.media-amazon.com/images/M/MV5BNzkwNWQxOTgtMTQ3Zi00MmU2LWI1YzItZDIyOTNhYTY1ZmEwXkEyXkFqcGc@._V1_SY150_CR1,0,101,150_.jpg"
1926,Hot Water,Hot Water,1924,7.1,Comedy,"Fred C. Newmeyer, Sam Taylor",26 Oct 1924 (USA),United States,https://www.imdb.com/title/tt0015002/,"https://m.media-amazon.com/images/M/MV5BOTE2ZjgxODYtODNmNy00MzhmLWFlODYtNThiMjNlMjYwMjE5XkEyXkFqcGc@._V1_SX101_CR0,0,101,150_.jpg"
1926,The Speed Spook,The Speed Spook,1924,4.5,Comedy,Charles Hines,30 Aug 1924 (USA),United States,https://www.imdb.com/title/tt0015355/,"https://m.media-amazon.com/images/M/MV5BM2RmODU3ZmMtYTI5Ni00MjAxLWFiOWEtMTBlNmE5ZTVmMzhiXkEyXkFqcGc@._V1_SY150_CR1,0,101,150_.jpg"
1926,The Narrow Street,The Narrow Street,1925,,Comedy,William Beaudine,11 Jan 1925 (USA),United States,https://www.imdb.com/title/tt0016146/,"https://m.media-amazon.com/images/M/MV5BMGUzYThlM2EtYjUyZS00NmQyLWEzNDktZTY0NmY1YTRjODI3XkEyXkFqcGc@._V1_SY150_CR0,0,101,150_.jpg"
1926,The Mine with the Iron Door,The Mine with the Iron Door,1924,6.6,Western,Sam Wood,02 Oct 1924 (USA),United States,https://www.imdb.com/title/tt0015140/,"https://m.media-amazon.com/images/M/MV5BOTc3ZTUwNTktMTU0MS00ZTVhLThmYjQtZDVkODA5ZDZiMjg3XkEyXkFqcGc@._V1_SY150_CR43,0,101,150_.jpg"
1926,Manhandled,Manhandled,1924,6.7,"Comedy, Drama",Allan Dwan,22 Jul 1924 (USA),United States,https://www.imdb.com/title/tt0015116/,"https://m.media-amazon.com/images/M/MV5BNWVhNDAzNmEtYzkyNi00YjZkLWJlZTctODY3Nzc1YTZjNmQ1XkEyXkFqcGc@._V1_SX101_CR0,0,101,150_.jpg"
1926,Monsieur Beaucaire,Monsieur Beaucaire,1924,6.0,"Drama, Romance",Sidney Olcott,11 Aug 1924 (USA),United States,https://www.imdb.com/title/tt0015145/,"https://m.media-amazon.com/images/M/MV5BYmM1ZjdmMzgtNGUzYi00MzM0LTg0NzQtNzhlZGRjY2QwNDA4XkEyXkFqcGc@._V1_SY150_CR0,0,101,150_.jpg"
1926,The Jade Cup,The Jade Cup,1926,,"Drama, Mystery",Frank Hall Crane,30 May 1926 (USA),United States,https://www.imdb.com/title/tt0017006/,
1926,The Dark Swan,The Dark Swan,1924,,Drama,Millard Webb,26 Nov 1924 (USA),United States,https://www.imdb.com/title/tt0014831/,"https://m.media-amazon.com/images/M/MV5BYmU5YjUyMzUtODc3My00MWNlLThiOTItMzQwZDNiMTllNTBjXkEyXkFqcGc@._V1_SY150_CR43,0,101,150_.jpg"
1926,The Code of the West,Code of the West,1925,5.3,Western,William K. Howard,06 Apr 1925 (USA),United States,https://www.imdb.com/title/tt0015694/,"https://m.media-amazon.com/images/M/MV5BODA4ZjI2NTEtZDkwYS00MWMxLTg3NWItYmQ0MzYzZTI4ZTRhXkEyXkFqcGc@._V1_SX101_CR0,0,101,150_.jpg"
1926,The Girl of the Limberlost,A Girl of the Limberlost,1924,,Drama,James Leo Meehan,28 Apr 1924 (USA),United States,https://www.imdb.com/title/tt0014947/,"https://m.media-amazon.com/images/M/MV5BYjMzZWIyZGYtZDc0Ny00MjZmLTgyY2UtNTIwMDA1ZmQzM2YyXkEyXkFqcGc@._V1_SY150_CR47,0,101,150_.jpg"
1926,Hollywood Kid,The Hollywood Kid,1924,6.8,"Comedy, Short",Roy Del Ruth,20 Apr 1924 (USA),United States,https://www.imdb.com/title/tt0014997/,"https://m.media-amazon.com/images/M/MV5BNGM2M2I2NzEtMjk3YS00ZDk2LWE5OTUtNjZlMmU1Yzg4MzMwXkEyXkFqcGc@._V1_SX101_CR0,0,101,150_.jpg"
1926,Rose Time,,,,,,,,,
1926,A Lost Lady,A Lost Lady,1924,,Drama,Harry Beaumont,18 Dec 1924 (USA),United States,https://www.imdb.com/title/tt0015083/,"https://m.media-amazon.com/images/M/MV5BMjk3YjM3ZjEtODYyZC00ZWNmLWI4YzQtMWY5Mzk1MjFmYzAxXkEyXkFqcGc@._V1_SY150_CR4,0,101,150_.jpg"
1926,The Tough Guy,The Tough Guy,1926,,Western,David Kirkland,01 Feb 1926 (USA),United States,https://www.imdb.com/title/tt0017481/,"https://m.media-amazon.com/images/M/MV5BNzc2YmNmODItZTk0MS00ZDFjLWJkZGQtYzIyM2I2M2NkYmVkXkEyXkFqcGc@._V1_SX101_CR0,0,101,150_.jpg"
1926,Manhandled,Manhandled,1924,6.7,"Comedy, Drama",Allan Dwan,22 Jul 1924 (USA),United States,https://www.imdb.com/title/tt0015116/,"https://m.media-amazon.com/images/M/MV5BNWVhNDAzNmEtYzkyNi00YjZkLWJlZTctODY3Nzc1YTZjNmQ1XkEyXkFqcGc@._V1_SX101_CR0,0,101,150_.jpg"
1926,The City That Never Sleeps,The City That Never Sleeps,1924,5.7,Drama,James Cruze,18 Oct 1924 (USA),United States,https://www.imdb.com/title/tt0014777/,"https://m.media-amazon.com/images/M/MV5BYTUyZjdjMGMtYTk5ZS00NTliLWFhNmUtNjI0MWYyZWU3NDBlXkEyXkFqcGc@._V1_SX101_CR0,0,101,150_.jpg"
1926,Three Women,Three Women,1924,6.5,Drama,Ernst Lubitsch,19 Oct 1924 (USA),United States,https://www.imdb.com/title/tt0015409/,"https://m.media-amazon.com/images/M/MV5BZjlmM2Q3NjQtYTVhYi00MTFmLTkwZDQtYzY0MTA1ZjNiODA5XkEyXkFqcGc@._V1_SX101_CR0,0,101,150_.jpg"
1926,Captain Blood,Captain Blood,1924,6.5,"Action, Adventure, Romance, War","David Smith, Albert E. Smith",21 Sep 1924 (USA),United States,https://www.imdb.com/title/tt0014759/,"https://m.media-amazon.com/images/M/MV5BOWMzNjI2NjAtNDExYS00ZTcyLWE0MWYtMWFmZmNkZjAzM2I3XkEyXkFqcGc@._V1_SX101_CR0,0,101,150_.jpg"
1926,Battling Brewster,Battling Brewster,1924,,"Action, Drama",Dell Henderson,01 Dec 1924 (USA),United States,https://www.imdb.com/title/tt0014697/,"https://m.media-amazon.com/images/M/MV5BZWUyNzY5YjUtZjE5OS00NTVlLTk4YTItZjA4ZDQxNDU4NDU0XkEyXkFqcGc@._V1_SY150_CR0,0,101,150_.jpg"
1926,The Green Archer,The Green Archer,1925,5.9,"Action, Adventure",Spencer Gordon Bennet,06 Dec 1925 (USA),United States,https://www.imdb.com/title/tt0015882/,"https://m.media-amazon.com/images/M/MV5BMzEzMjJmZDUtMWEzNy00OTdkLWExNzYtY2Y1NDUyYzNiMjc5XkEyXkFqcGc@._V1_SY150_CR5,0,101,150_.jpg"
1926,Unguarded Women,Unguarded Women,1924,,Drama,Alan Crosland,22 Jun 1924 (USA),United States,https://www.imdb.com/title/tt0015446/,"https://m.media-amazon.com/images/M/MV5BOGYwNDJkODYtNjk1YS00ZjU0LWIzMzUtNjgzNDU0MTc5MTVmXkEyXkFqcGc@._V1_SX101_CR0,0,101,150_.jpg"
1926,The Imposter,The Imposter,1911,,"Short, Drama, War",Lucius Henderson,28 Mar 1911 (USA),United States,https://www.imdb.com/title/tt0408904/,"https://m.media-amazon.com/images/M/MV5BZGQ1OGZiZDAtY2IyOC00ZTFkLTliMDgtM2M0NTk0ZDc3ZjRmXkEyXkFqcGc@._V1_SY150_CR63,0,101,150_.jpg"
1926,All Around Frying Pan,All Around Frying Pan,1925,,Western,David Kirkland,08 Nov 1925 (USA),United States,https://www.imdb.com/title/tt0015565/,"https://m.media-amazon.com/images/M/MV5BNTA5NGVhNDQtMTMyMy00YzkwLWFkYWUtY2E1OTYwZWM0MWIxXkEyXkFqcGc@._V1_SX101_CR0,0,101,150_.jpg"
1926,The Green Archer,The Green Archer,1925,5.9,"Action, Adventure",Spencer Gordon Bennet,06 Dec 1925 (USA),United States,https://www.imdb.com/title/tt0015882/,"https://m.media-amazon.com/images/M/MV5BMzEzMjJmZDUtMWEzNy00OTdkLWExNzYtY2Y1NDUyYzNiMjc5XkEyXkFqcGc@._V1_SY150_CR5,0,101,150_.jpg"
1926,America,,,,,,,,,
1926,Change the Needle (short),Change the Needle,1925,,"Comedy, Short",Hal Roach,15 Feb 1925 (USA),United States,https://www.imdb.com/title/tt0428316/,
1926,The Enemy Sex,The Enemy Sex,1924,,Drama,James Cruze,25 Aug 1924 (USA),United States,https://www.imdb.com/title/tt0014871/,"https://m.media-amazon.com/images/M/MV5BOTUyMmMwNjEtNzMwOC00MmU2LWI2ZjktNDFlNDBhMTViNDdmXkEyXkFqcGc@._V1_SX101_CR0,0,101,150_.jpg"
1926,Bungalow Boobs (short),Bungalow Boobs,1924,,"Comedy, Short",Leo McCarey,26 Oct 1924 (USA),United States,https://www.imdb.com/title/tt0208780/,"https://m.media-amazon.com/images/M/MV5BMDE4ZTYxOTgtNDE3MC00NjIzLTk1MjgtZDQ4ZTI5MzE2MWEzXkEyXkFqcGc@._V1_SX101_CR0,0,101,150_.jpg"
1926,One Law for the Woman,One Law for the Woman,1924,,Western,Dell Henderson,25 May 1924 (USA),United States,https://www.imdb.com/title/tt0145197/,"https://m.media-amazon.com/images/M/MV5BZDhiZDkyOGItOTQxMS00NTE0LWE0M2ItZGQ1OTgyZTUwMzExXkEyXkFqcGc@._V1_SY150_CR45,0,101,150_.jpg"
1926,High Society (Our Gang short),,,,,,,,,
1926,Sinners in Heaven,Sinners in Heaven,1924,,"Drama, Romance",Alan Crosland,15 Sep 1924 (USA),United States,https://www.imdb.com/title/tt0015335/,"https://m.media-amazon.com/images/M/MV5BMDFjMDYxODctNzJlMS00MjQ5LWJmZTYtNjE2MzNiZmRlM2U3XkEyXkFqcGc@._V1_SY150_CR2,0,101,150_.jpg"
1926,Flame of the Argentine,Flame of the Argentine,1926,,"Action, Drama",Edward Dillon,11 Jul 1926 (USA),United States,https://www.imdb.com/title/tt0016877/,"https://m.media-amazon.com/images/M/MV5BOTMyMGI0YWItYWE5Zi00OTFmLTlhYmItZmM3ZTgzZTFjYmUwXkEyXkFqcGc@._V1_SY150_CR46,0,101,150_.jpg"
1926,The Fall Guy (short),The Fall Guy,1921,5.5,"Comedy, Short","Larry Semon, Norman Taurog",16 Jul 1921 (USA),United States,https://www.imdb.com/title/tt0256016/,"https://m.media-amazon.com/images/M/MV5BYTNhMjc1YmUtZjczNy00NjNiLWI1MTItMTI1MTgwN2MyN2E1XkEyXkFqcGc@._V1_SY150_CR41,0,101,150_.jpg"
1926,The Devil's Cargo,The Devil's Cargo,1925,4.8,Drama,Victor Fleming,02 Feb 1925 (USA),United States,https://www.imdb.com/title/tt0015749/,"https://m.media-amazon.com/images/M/MV5BYzNjMzllMzEtOTMzMS00MmU3LWI0M2YtODdmOWM4MDRiOGU0XkEyXkFqcGc@._V1_SX101_CR0,0,101,150_.jpg"
1926,The Green Archer,The Green Archer,1925,5.9,"Action, Adventure",Spencer Gordon Bennet,06 Dec 1925 (USA),United States,https://www.imdb.com/title/tt0015882/,"https://m.media-amazon.com/images/M/MV5BMzEzMjJmZDUtMWEzNy00OTdkLWExNzYtY2Y1NDUyYzNiMjc5XkEyXkFqcGc@._V1_SY150_CR5,0,101,150_.jpg"
1926,Her Love Story,Her Love Story,1924,5.9,"Drama, Romance",Allan Dwan,06 Oct 1924 (USA),United States,https://www.imdb.com/title/tt0014981/,"https://m.media-amazon.com/images/M/MV5BODAyODA5NzA5MV5BMl5BanBnXkFtZTgwODMzNzYzMTE@._V1_SY150_CR0,0,101,150_.jpg"
1926,The Gold Rush,The Gold Rush,1925,8.1,"Adventure, Comedy, Drama, Romance, Western",Charles Chaplin,16 Aug 1925 (USA),United States,https://www.imdb.com/title/tt0015864/,"https://m.media-amazon.com/images/M/MV5BNGU1NjYzYTAtZmY0YS00NWIzLTkzNzUtYzc2ZTIyOTIxZjVhXkEyXkFqcGc@._V1_SY150_CR0,0,101,150_.jpg"
1927,The Yankee Clipper,The Yankee Clipper,1927,6.9,Drama,Rupert Julian,07 May 1927 (USA),United States,https://www.imdb.com/title/tt0018601/,"https://m.media-amazon.com/images/M/MV5BMTYwNjE2MzcwOF5BMl5BanBnXkFtZTgwMDAwODgwMzE@._V1_SY150_CR6,0,101,150_.jpg"
1927,The Winning of Barbara Worth,The Winning of Barbara Worth,1926,6.9,"Drama, Romance, Western",Henry King,14 Oct 1926 (USA),United States,https://www.imdb.com/title/tt0017567/,"https://m.media-amazon.com/images/M/MV5BODRhNzA5YmEtYmU1Zi00ODVlLWJkZmItOTk3M2M3MmJiNDE3XkEyXkFqcGc@._V1_SY150_CR0,0,101,150_.jpg"
1927,The Bat,The Bat,1926,6.5,"Mystery, Thriller",Roland West,21 Mar 1926 (USA),United States,https://www.imdb.com/title/tt0016629/,"https://m.media-amazon.com/images/M/MV5BOGFiYWZmYjctNmZmZi00ZmQwLTlmMTUtODM1YjhkYjAwOWNkXkEyXkFqcGc@._V1_SY150_CR6,0,101,150_.jpg"
1927,The Sunshine Kids,,,,,,,,,
1927,Borrowed Finery,The Borrowed Finery,1914,,"Short, Comedy, Drama",,24 Mar 1914 (USA),United States,https://www.imdb.com/title/tt0003690/,
1927,Morganson's Finish,Morganson's Finish,1926,,,Fred Windemere,May 1926 (USA),United States,https://www.imdb.com/title/tt0017171/,
1927,Just Another Blonde,Just Another Blonde,1926,3.3,"Adventure, Comedy, Romance",Alfred Santell,13 Dec 1926 (USA),United States,https://www.imdb.com/title/tt0017013/,"https://m.media-amazon.com/images/M/MV5BZTcyMTU5MzItYjE5Yy00Nzk1LWFlNjMtMTU0MDIwYTkyNjIwXkEyXkFqcGc@._V1_SY150_CR0,0,101,150_.jpg"
1927,"""Dad and His Gang""",The Story of the Kelly Gang,1906,6.0,"Action, Adventure, Biography, Crime, Drama, History, Thriller, Western",Charles Tait,26 Dec 1906 (Australia),Australia,https://www.imdb.com/title/tt0000574/,"https://m.media-amazon.com/images/M/MV5BYzUwM2E2Y2UtYmMyZS00ODEyLWE2NTMtMWMwOWMzOThiZWIwXkEyXkFqcGc@._V1_SY150_CR1,0,101,150_.jpg"
1927,The Black Pirate,The Black Pirate,1926,7.0,"Adventure, Action",Albert Parker,08 Mar 1926 (USA),United States,https://www.imdb.com/title/tt0016654/,"https://m.media-amazon.com/images/M/MV5BMzU0NDkyMjEzMV5BMl5BanBnXkFtZTgwMTcyMzEyMjE@._V1_SY150_CR2,0,101,150_.jpg"
1927,Crown of Thorns (German 1923) - Marketed as The Prince of Peace,,,,,,,,,
1927,The Plastic Age,The Plastic Age,1925,5.9,"Comedy, Romance, Sport",Wesley Ruggles,15 Dec 1925 (USA),United States,https://www.imdb.com/title/tt0016226/,"https://m.media-amazon.com/images/M/MV5BNDA1MjE1OTg1NV5BMl5BanBnXkFtZTgwNzQ3NTY2MzE@._V1_SX101_CR0,0,101,150_.jpg"
1927,The Brave Heart,"Brave Hearts; or, Saved from the Indians by a Woman's Wit",1910,,"Short, Western",,22 Jul 1910 (USA),United States,https://www.imdb.com/title/tt1930297/,
1927,The Night of Love,The Night of Love,1927,6.9,"Action, Adventure, Romance",George Fitzmaurice,22 Jan 1927 (USA),United States,https://www.imdb.com/title/tt0018203/,"https://m.media-amazon.com/images/M/MV5BZTE3ZjJmMzYtMzUyZS00NTNhLWI4ZTYtMjRlM2U4Y2Y3NDJjXkEyXkFqcGc@._V1_SX101_CR0,0,101,150_.jpg"
1927,Breed of the Sea,Breed of the Sea,1926,5.6,"Action, Adventure, Drama, Romance",Ralph Ince,07 Nov 1926 (USA),United States,https://www.imdb.com/title/tt0016679/,"https://m.media-amazon.com/images/M/MV5BNjk4ZGIzYzItNTM2YS00NzI3LWE4ZjEtODAxNWYwOWJhZDgzXkEyXkFqcGc@._V1_SY150_CR47,0,101,150_.jpg"
1927,Sparrows,Sparrows,1926,7.3,Drama,"William Beaudine, Tom McNamara",1926 (Germany),United States,https://www.imdb.com/title/tt0017423/,"https://m.media-amazon.com/images/M/MV5BMTY3MTkyMTc0MF5BMl5BanBnXkFtZTgwOTI5MDgwMjE@._V1_SY150_CR4,0,101,150_.jpg"
1927,Seven Days,,,,,,,,,
1927,Stella Dallas,Stella Dallas,1925,7.3,Drama,Henry King,16 Nov 1925 (USA),United States,https://www.imdb.com/title/tt0016395/,"https://m.media-amazon.com/images/M/MV5BMjdiOWRlYzQtNzc3YS00M2FlLTk0NDAtZDViYmYzNDZhMjU1XkEyXkFqcGc@._V1_SY150_CR1,0,101,150_.jpg"
1927,Don Q,Don Q Son of Zorro,1925,6.9,"Adventure, Romance",Donald Crisp,15 Jun 1925 (USA),United States,https://www.imdb.com/title/tt0015758/,"https://m.media-amazon.com/images/M/MV5BZDRmOGQ5ZTItNzBhYi00NGY2LWIxNDMtMzQ4YjNlYzA5NWQ1XkEyXkFqcGc@._V1_SY150_CR1,0,101,150_.jpg"
1927,"Her Honor, The Governor","Her Honor, the Governor",1926,5.6,Drama,Chester Withey,19 Jul 1926 (USA),United States,https://www.imdb.com/title/tt0016958/,"https://m.media-amazon.com/images/M/MV5BY2Q1ZDkxMTItODhhYi00MTgyLWJiNzUtYzQyNjFmNmM0MGNhXkEyXkFqcGc@._V1_SY150_CR46,0,101,150_.jpg"
1927,Bred in Old Kentucky,Bred in Old Kentucky,1926,,"Action, Crime, Drama, Romance, Sport",Edward Dillon,21 Nov 1926 (USA),United States,https://www.imdb.com/title/tt0016678/,"https://m.media-amazon.com/images/M/MV5BZTlkYTY5MzEtOWUzMS00YTRkLWIyZDktNDk4YTY2ODQ4ZTUyXkEyXkFqcGc@._V1_SY150_CR1,0,101,150_.jpg"
1927,Pleasures of the Rich,Pleasures of the Rich,1926,,"Drama, Romance",Louis J. Gasnier,Feb 1926 (USA),United States,https://www.imdb.com/title/tt0017270/,"https://m.media-amazon.com/images/M/MV5BODMzYTlkYzAtYzFjMS00ZmQzLTkzNzctNmI3OTdiMjhmNTNlXkEyXkFqcGc@._V1_SX101_CR0,0,101,150_.jpg"
1927,Out of the Storm,Out of the Storm,1924,,"Short, Drama",William P. Burt,23 Nov 1924 (USA),United States,https://www.imdb.com/title/tt1002772/,
1927,The General,The General,1926,8.1,"Action, Adventure, Comedy, Drama, War","Clyde Bruckman, Buster Keaton",02 Jan 1927 (USA),United States,https://www.imdb.com/title/tt0017925/,"https://m.media-amazon.com/images/M/MV5BMTVhM2Y1MDUtMDkxYi00Y2UxLWI2MTMtZjMzYTY4ODM4MGIzXkEyXkFqcGc@._V1_SY150_CR0,0,101,150_.jpg"
1927,Moulders of Men,Moulders of Men,1927,,"Crime, Drama",Ralph Ince,27 Feb 1927 (USA),United States,https://www.imdb.com/title/tt0018175/,"https://m.media-amazon.com/images/M/MV5BYWM1MzNjNWQtZmEwMS00Y2U4LWI1ZGEtMjVmOGVlNGM5ODNiXkEyXkFqcGc@._V1_SX101_CR0,0,101,150_.jpg"
1927,Madam Behave,Madame Behave,1925,6.4,"Comedy, Romance",Scott Sidney,06 Dec 1925 (USA),United States,https://www.imdb.com/title/tt0016064/,"https://m.media-amazon.com/images/M/MV5BNWFhNjY4YzItYTZlMy00MWEwLTg1NWYtNzgzNmI2ZjA4NmUyXkEyXkFqcGc@._V1_SY150_CR48,0,101,150_.jpg"
1927,Manhattan Madness,Manhattan Madness,1916,6.1,"Action, Comedy, Romance, Western",Allan Dwan,01 Oct 1916 (USA),United States,https://www.imdb.com/title/tt0007031/,"https://m.media-amazon.com/images/M/MV5BNzJkMDIzYjAtNTI2MC00ODkxLWEwNmUtY2RmZWYyZjBkNzQ3XkEyXkFqcGc@._V1_SY150_CR45,0,101,150_.jpg"
1927,Resurrection,,,,,,,,,
1927,Flames,,,,,,,,,
1927,The High Hand,The High Hand,1915,,Drama,William Desmond Taylor,Mar 1915 (USA),United States,https://www.imdb.com/title/tt0005483/,"https://m.media-amazon.com/images/M/MV5BZTY0ZTRiZTMtNjZiNC00MWIyLThhYzAtMjVjZDZjYjY5YmY4XkEyXkFqcGc@._V1_SY150_CR42,0,101,150_.jpg"
1927,The Love of Sunya,The Love of Sunya,1927,6.3,Drama,Albert Parker,11 Mar 1927 (USA),United States,https://www.imdb.com/title/tt0018113/,"https://m.media-amazon.com/images/M/MV5BMTY1NjI1ODY5OV5BMl5BanBnXkFtZTcwODcwMDgxMQ@@._V1_SY150_CR2,0,101,150_.jpg"
1927,The Mark of Zorro,The Mark of Zorro,1920,7.1,"Adventure, Romance, Western",Fred Niblo,05 Dec 1920 (USA),United States,https://www.imdb.com/title/tt0011439/,"https://m.media-amazon.com/images/M/MV5BYWViNWZjMTMtNDg1Yi00NWY2LTljZDQtYjA3NmY5YTU1YTIzXkEyXkFqcGc@._V1_SX101_CR0,0,101,150_.jpg"
1927,Sandow: Code of the Northwest,,,,,,,,,
1927,The Beloved Rogue,The Beloved Rogue,1927,7.0,"Adventure, Drama, History, Romance",Alan Crosland,Apr 1927 (Germany),United States,https://www.imdb.com/title/tt0017667/,"https://m.media-amazon.com/images/M/MV5BMTM0MjI3MTI0M15BMl5BanBnXkFtZTcwNzU0MDMzNA@@._V1_SY150_CR2,0,101,150_.jpg"
